Code;Sex;Age;Marital_status;Level_studies;N_House;N_Children;N_Elderly;N_Pl_total;N_Pl_Medo;N_Pl_Foodo;N_Pl_M+F;N_Pl_Med;N_Pl_Food;Cooks;Freq_cooking;Freq_cooking_scale
FAB11;F;3;D;N;0;0;0;28;2;20;6;8;26;Y;21;4
FAC06;F;2;C;N;9;0;2;53;8;24;19;29;45;Y;21;4
FAE08;F;1;M;P;5;2;1;48;3;28;17;21;46;Y;21;4
FAN03;F;3;C;U;4;0;1;71;20;24;27;48;52;Y;28;5
FAR02;F;2;M;U;9;0;0;50;0;29;21;21;51;Y;28;5
FBE04;F;1;D;S;3;0;0;53;7;26;20;27;46;Y;14;3
FFC14;F;3;M;P;3;1;1;76;20;21;35;55;56;Y;21;4
FFI09;F;2;M;S;5;0;0;53;7;20;26;33;46;Y;14;3
FFM15;F;1;M;P;1;3;0;61;17;18;26;43;44;Y;21;4
FHL19;F;1;C;U;2;0;2;43;6;16;20;27;37;Y;7;2
FJB29;F;2;M;N;1;3;1;63;8;22;33;41;55;Y;21;4
FKB07;F;3;M;S;4;0;3;79;25;22;32;57;54;Y;21;4
FKB13;F;3;V;S;3;0;0;48;9;22;17;26;39;Y;21;4
FKF22;F;3;M;N;3;0;2;68;12;24;31;43;56;Y;21;4
FLM10;F;1;C;U;5;0;0;44;3;23;18;21;41;Y;6;2
FMI20;F;3;D;P;0;0;1;62;10;18;34;44;52;Y;21;4
FMJ24;F;3;M;P;4;0;2;71;22;22;27;49;49;Y;28;5
FML01;F;1;M;S;9;1;3;45;5;23;17;22;40;Y;14;3
FMR16;F;2;D;S;0;2;0;60;21;20;19;40;39;Y;21;4
FMT28;F;3;V;N;6;0;0;68;15;21;32;47;53;Y;28;5
FNF25;F;2;C;U;0;0;2;42;7;15;20;27;35;Y;14;3
FNS21;F;1;C;U;3;0;2;36;7;11;18;25;29;Y;14;3
FNT27;F;3;M;P;4;0;1;71;5;27;39;44;66;Y;28;5
FRE18;F;1;M;N;1;1;1;62;6;22;34;40;56;Y;14;3
FSH30;F;2;M;P;2;2;0;54;10;18;26;36;44;Y;21;4
FSL26;F;3;D;P;2;0;1;67;17;23;27;44;50;Y;21;4
FSM05;F;2;D;P;0;0;0;36;5;19;12;17;31;Y;4;2
FTG17;F;2;M;P;1;3;0;68;13;25;30;45;55;Y;28;5
FZE12;F;3;V;N;3;0;0;52;11;20;21;33;41;Y;21;4
FZM23;F;2;M;S;2;0;1;64;20;20;24;44;44;Y;21;4
MAA08;M;1;C;U;4;0;0;31;3;19;9;12;28;Y;5;2
MAA15;M;1;C;U;7;0;1;45;11;20;13;24;33;Y;4;2
MAB02;M;2;C;S;1;0;0;23;0;21;2;2;23;Y;14;3
MAE01;M;3;M;U;6;0;0;26;5;16;5;10;21;N;0;0
MAE07;M;3;M;U;4;0;0;34;1;25;8;9;33;N;0;0
MAZ10;M;3;M;U;4;0;0;52;3;41;6;9;47;Y;3;1
MBB18;M;1;M;U;5;0;0;22;3;16;3;6;19;N;0;0
MBM08;M;2;M;P;5;0;0;28;5;16;7;12;23;N;0;0
MCH02;M;1;C;U;2;0;0;25;2;21;2;4;23;Y;21;4
MDD07;M;1;C;U;1;0;0;23;7;10;6;13;16;Y;21;4
MEE30;M;3;M;U;6;0;0;34;2;31;1;3;32;N;0;0
MEL18;M;3;C;U;1;0;0;16;1;11;4;5;15;Y;21;4
MHR02;M;1;C;U;4;0;0;40;8;14;18;26;32;Y;2;1
MJE02;M;2;C;U;3;0;0;41;25;22;14;39;36;Y;2;1
MLA13;M;3;M;P;5;0;0;23;3;13;7;10;20;Y;12;3
MME09;M;2;C;U;4;0;1;47;10;24;11;21;35;Y;2;1
MMG16;M;1;C;U;5;0;0;36;4;19;12;16;31;Y;5;2
MMH01;M;2;M;S;4;1;0;20;0;16;4;4;20;N;0;0
MMZ05;M;3;M;U;6;0;0;34;6;20;8;14;28;Y;2;1
MOB14;M;1;C;U;8;0;0;25;1;20;4;5;24;Y;4;2
MRA06;M;2;M;U;5;2;0;26;5;16;5;10;21;Y;2;1
MRE20;M;1;C;U;1;0;0;28;0;26;2;2;28;Y;14;3
MRF04;M;1;M;U;3;1;0;39;5;16;18;23;34;N;0;0
MRR22;M;1;C;U;5;0;1;23;3;10;10;13;20;Y;3;1
MTY25;M;1;C;U;6;0;0;26;1;24;1;2;25;Y;7;2
MYC17;M;1;C;U;5;0;2;29;1;27;1;2;28;N;0;0
MYJ01;M;1;M;U;3;1;0;33;1;21;11;12;32;Y;3;1